{"sane": true, "normalizes": true, "range": true, "log_prob": -1147.2064760923386, "avg_log_prob": -2.2944129521846772, "perplexity": 9.918611603576501}